source,pivot_text(de),pivot_text(zh),bt_zh,bt_de
Leizu shared her discoveries with others and the knowledge became widespread in China.,Leizu gab ihre Ergebnisse heraus und die Daten waren in China bekannt.,莱祖与他人分享她的发现 知识遍布中国,Lezu shared her findings with others.,Leizu published her results and the data were known in China.
"In 1961, she made her Metropolitan Opera debut as Aida; the following year she made her debut at the Royal Opera House with the same role.","1961 debütierte sie als Aida in der Metropolitan Opera, im darauffolgenden Jahr debütierte sie im Royal Opera House mit derselben Rolle.","1961年,她以艾达为首演《大都会歌剧》,1962年,她再次在皇家歌剧院首演《艾达》。","In 1961, she started the Metropolis Opera with Aida, and again in 1962, in the Royal Opera House with Aida.","In 1961 she made her debut as Aida at the Metropolitan Opera, and in the following year she made her debut at the Royal Opera House with the same role."
He was also commissioned in 1944 by Yehudi Menuhin to write a Sonata for Solo Violin.,"1944 wurde er von Yehudi Menuhin in Auftrag gegeben, um eine Sonate für Solo Violine zu schreiben.","他受Yehudi Menuhin的委托,于1944年为Solo Violin写《索纳塔》。",He was commissioned by Yehudi Menuhin to write Sonata in 1944 for Solo Violin.,In 1944 he was commissioned by Yehudi Menuhin to write a sonata for solo violin.
"Historically mills were powered by hand (mortar and pestle), working animal, wind (windmill) or water (watermill).","Historisch wurden Mühlen von Hand (Mortar und Pestle), arbeitendem Tier, Wind (Windmühle) oder Wasser (Wassermühle) ein- und ausgeschaltet.","过去,磨坊用手(摩尔和害虫)充电,磨坊也用工作动物、风(风车)或水(水车)充电。","In the past, mills charged hands (mor and pests) and mills charged working animals, wind (windmills) or water (water tankers).","Historically, mills were turned on and off by hand (mortar and pestle), working animal, wind (windmill) or water (water mill)."
"2005 According to chapters, Jesus of Nazareth gave this sermon (estimated around AD 30) on a mountainside to his disciples and a large crowd.","Es wird gesagt, dass Jesus diese Predigt um 30 n. Chr. auf einem Berghang seinen Jüngern und anderen hielt.","根据历史,拿撒勒人耶稣在大约30公元前的一座山坡上向包括门徒在内的大批群众布道。","According to history, Jesus of Nazareth preached to a large number of people, including disciples, on a hillside about 30 BC.",It is said that Jesus preached this sermon around 30 A.D. on a mountain slope to his disciples and others.
"Election The President of the Bundesrat usually is elected on the 1 November in a given year, and serves until the 31 October in the year that follows.",Der Präsident des Bundesrates wird in der Regel am 1. November in einem bestimmten Jahr gewählt und dient bis zum 31. Oktober nächsten Jahres.,"联邦参议院议长通常在某一年的11月1日投票选举,在下一年工作到10月31日。",The President of the Federal Senate normally votes on 1 November of a given year and works the following year until 31 October.,The President of the Federal Council is usually elected on 1 November in a given year and will serve until 31 October next year.
Recovery Russia bounced back from the August 1998 financial crash with surprising speed.,Russland prallte schnell vom Finanzcrash 1998 zurück.,俄罗斯从1998年8月的金融危机中迅速反弹。,Russia rebounded rapidly from the financial crisis of August 1998.,Russia quickly bounced back from the financial crash in 1998.
"He has, however, managed to nail his own legs to a table, and knocked Neil out during a game of cricket, albeit unintentionally.","Er heftete versehentlich seine Beine an den Tisch. Er schlug Neil hart in den Kopf, während er Cricket spielte.","他设法把自己的腿钉在桌子上, 在板球比赛中不知不觉地把尼尔打晕了。","He managed to nail his legs to the table, knocked Neil unconscious in a cricket game.",He accidentally attached his legs to the table. He hit Neil hard in the head while playing cricket.
Species are native to tropical and subtropical regions of all continents in addition to the South West Pacific and Australasia.,Die Arten stammen aus tropischen und subtropischen Regionen aller Kontinente. Sie stammen auch aus Südwestpazifik und Australasien.,"各大洲的热带和亚热带区域都是物种的本地物种,此外还有西南太平洋和澳大拉西亚。","The tropical and subtropical regions of all continents are native species of species, in addition to the South-West Pacific and Australasia.",The species come from tropical and subtropical regions of all continents. They also come from Southwest Pacific and Australasia.
Ripley is a town in the Amber Valley area of Derbyshire in England.,"Ripley ist eine Stadt in Derbyshire, England.",在德比郡英格兰 有一个叫瑞普利的小镇,"In Derby County, England, there's a town called Ripley.","Ripley is a town in Derbyshire, England."
"Her mother was related to Charles Reade, a Victorian novelist.","Ihre Mutter war mit Charles Reade verwandt, er war ein viktorianischer Schriftsteller.",Charles Reade是她母亲的亲戚 他是维多利亚小说家,Charles Reade is a relative of her mother. He's a Victorian novelist.,"Her mother was related to Charles Reade, who was a Victorian writer."
"In this respect, there is a striking parallel between the Qing / Koxinga situation and the current PRC / ROC situation.",In diesem Fall gibt es eine Ähnlichkeit zwischen der Situation in Qing/Koxinga und der derzeitigen Situation in der VR China/ROC.,"在这种情况下,清/克辛加局势与目前的中华人民共和国/科摩罗区域办事处局势有相似之处。","In this context, there are similarities between the situation in Chin/ksinga and the situation in the current regional office in the People's Republic of China/Comoros.","In this case, there is a similarity between the situation in Qing/Koxinga and the current situation in the PRC/ROC."
"Geography Unna is situated on the route of an ancient salt-trading route, the Hellweg road.","Unna ist auf der alten Salz-Trading-Route, Hellweg Straße",Unna在盐贸易路线上 Hellweg路,"Unna's on the salt trade route, Hellweg Road.","Unna is on the old salt trading route, Hellweg street"
"Games released by Sunflowers include the Anno series (Anno 1602, Anno 1503, and Anno 1701), Black Sea Studios' Knights of Honor and SEK's ParaWorld.","Zu den Spielen der Sunflowers gehören die Anno-Serie (Anno 1602, Anno 1503 und Anno 1701), die Knights of Honor der Black Sea Studios und die ParaWorld der SEK.",向日葵发行了Anno系列节目、黑海工作室荣誉骑士和瑞典能源公司的ParaWorld。,"Anno series of programmes, Honorary Knight of the Black Sea Studio and ParaWorld of the Swedish Energy Corporation were distributed to Sunflower.","The games of the Sunflowers include the Anno series (Anno 1602, Anno 1503 and Anno 1701), the Knights of Honor of the Black Sea Studios and the ParaWorld of the SEK."
"Consequently, he purposely filmed scenes with actors on the extreme edge of both sides so that they could only be shown in widescreen.","Er filmte absichtlich Szenen mit Schauspielern am Rand, so dass sie nur im Breitbildformat gezeigt werden konnten.","他故意拍摄场景供大屏幕使用,不会以其他格式看到。",He intentionally filmed the scene for use on large screens and would not be seen in other formats.,"He deliberately filmed scenes with actors at the edge, so that they could only be shown in widescreen format."
"Hence, this system is not an official tropical or subtropical cyclone of the 2006 Pacific hurricane season.",Daher ist dieser Sturm kein tropischer oder subtropischer Zyklon der Hurrikansaison 2006 im Pazifik.,该系统不是2006年太平洋飓风季节的正式旋风。,The system is not a formal cyclone for the 2006 Pacific hurricane season.,"Therefore, this storm is not a tropical or subtropical cyclone of the 2006 hurricane season in the Pacific."
"1979 to 1999 The Jubilee line of 1979 was to be the first of four phases of the project, but lack of funds meant that no further progress was made until the late 1990s.","Die Jubilee-Linie von 1979 sollte die erste von vier Phasen des Projekts sein. Mangelnde Mittel bedeuteten, dass bis Ende der 1990er Jahre keine weiteren Fortschritte erzielt wurden.","1979年的千禧年线将是该项目四个阶段的第一个阶段,然而,资金的缺乏意味着直到1990年代后期才取得任何进展。","The Millennium Line of 1979 would be the first phase of the four phases of the project; however, lack of funding meant that no progress had been made until the late 1990s.",The 1979 Jubilee line was to be the first of four phases of the project. Lack of funds meant that no further progress was made by the end of the 1990s.
"Scarborough railway station serves the seaside town of Scarborough in North Yorkshire, England.",Der Bahnhof Scarborough dient der Stadt Scarborough in England.,斯卡拉堡火车站为西边的斯卡拉堡镇服务 位于英格兰北约克郡,"The Skala Fort Station serves the western town of Skara Fort in North Atlantic Kerr County, England.","Scarborough is a railway station in Scarborough, England."
"Within a decade of its inception, A & M became the world's largest independent record company.",Innerhalb von 10 Jahren nach seiner Gründung wurde A&M die größte unabhängige Plattenfirma der Welt.,"A & M公司在创立10年之内,成为世界上最大的独立唱片公司。","In 10 years of its existence, A & M became the world's largest independent record company.","Within 10 years of its founding, A&M became the world's largest independent record company."
"The two wavy lines above and below depict the two rivers which gave the district its name, the Ruhr and the Ennepe.","Die beiden welligen Linien oben und unten zeigen die beiden Flüsse, die dem Bezirk seinen Namen gaben. Sie sind das Ruhrgebiet und die Ennepe.","上面和下面的两条波浪线描述了显示该区名称的两条河流,即Ruhr河和Ennepe河。","The two waves above and below describe the two rivers that show the name of the area, namely the Ruhr and Ennepe rivers.",The two wavy lines above and below show the two rivers that gave the district its name. They are the Ruhr area and the Ennepe.
"Author, Peter Preuss, stated that the possum's population faltered in 1997 with current habitat (limited to a 50 - square-kilometre area) under threat from logging.","Der Autor Peter Preuss sagte, die Bevölkerung des Possums sei 1997 zurückgegangen. Sein derzeitiger 50 - Quadratkilometer - Lebensraum sei vom Holzeinschlag bedroht.","作者Peter Preuss指出,1997年负鼠人口减少,目前的生境(限于50平方公里)受到伐木的威胁。","According to the author, Peter Preuss, the possum population decreased in 1997 and the current habitat (limited to 50 square kilometres) is threatened by logging.",Author Peter Preuss said that the population of Possum had fallen in 1997 and that its current 50 square kilometers of habitat was threatened by logging.
"Unexpectedly, the German Wehrmacht officers tended to him and sent him to a hospital.",Unerwartet kümmerten sich die deutschen Wehrmachtsoffiziere um ihn und schickten ihn in ein Krankenhaus.,"德国的Wehrmacht军官照顾他,送他去医院。",German officer Wehrmacht took care of him and took him to the hospital.,"Unexpectedly, the German Wehrmacht officers took care of him and sent him to a hospital."
"The monastery was entirely rebuilt by lord Smbat of the House of Orbelian, a branch of the Liparitids who were expelled to Armenia in the late 12th century from Georgia.",Das Haus des Orbelians Lord Smbat baute das Kloster wieder auf. Sein Zweig der Lipartiden wurde im 12. Jahrhundert aus Armenien vertrieben.,"该修道院由Lipariti的一个分支Orberian之家的Smbat勋爵完全重建,他在12世纪末被从格鲁吉亚驱逐到亚美尼亚。","The monastery was completely rebuilt by Lord Sbat of the Orberian House, a branch of Lipariti, who was deported from Georgia to Armenia at the end of the twelfth century.",The House of Orbelians Lord Smbat rebuilt the monastery. Its branch of the Lipartids was expelled from Armenia in the 12th century.
A new frontal ridge had formed on August 17 which caused the storm to drift in a westerly direction.,"August bildete sich ein neues frontales Gebiet, das den Sturm nach Westen bewegte.",形成一个新的前脊 导致暴风雨向西移动,"A new ridge was formed, causing the storm to move westward.","On August 20, a new frontal area was formed that moved the storm westward."
"In 1847 parts of Caldwell County, Iredell County, and Wilkes County were combined to form Alexander County.",Das Alexander County wurde 1847 aus Teilen von 3 verschiedenen Countys gebildet.,"1847年,Caldwell县、Iredell县和Wilkes县部分地区合并组成Alexander县。","In 1847, parts of Caldwell, Iredell and Wilkes Counties merged into Alexander County.",Alexander County was formed in 1847 from parts of 3 different counties.
Much of the ministry of Jesus occurred on the shores of Lake Galilee.,Ein Großteil des Dienstes Jesu hat am Ufer des Galiläischen Sees stattgefunden.,耶稣的教学大多发生在加利利湖。,Most of Jesus's teaching takes place in Lake Galilee.,Much of Jesus'ministry has taken place on the shores of the Sea of Galilee.
"About 2,000 to 3,000 cocoons are required to make a pound of silk.","2 000 bis 3 000 Kokone werden benötigt, um ein Pfund Seide zu machen.",一磅的丝绸 需要2000到3000公仔做。,"A pound of silk takes 2,000 to 3,000 people to do it.",2 000 to 3 000 cocoons are needed to make one pound of silk.
"International English Language Testing System, is an international standardised test of English language proficiency.",Das International English Language Testing System ist ein international standardisierter Test für Englischkenntnisse.,国际英语测试系统是国际标准化的英语技能测试。,The International English Language Test System is an internationally standardized English language skill test.,The International English Language Testing System is an internationally standardized test for English skills.
"According to a letter sent to his church, he and his doctors believed that the cancer was fully treatable.","In einem Brief an seine Kirche glaubten er und seine Ärzte, der Krebs sei behandelbar.",根据写给教堂的信 他和他的医生 虽然癌症是可以治疗的,"According to a letter to the church, he and his doctor, though cancer can be treated.","In a letter to his church, he and his doctors believed that cancer was treatable."
It is adjacent to Lord Wandsworth College.,Es ist neben dem Lord Wandsworth College.,离Wandsworth勋爵学院很近,It's close to Lord Wandsworth.,It's next to Lord Wandsworth College.
"It was to serve as an international auxiliary language, that is, as a universal second language, not to replace ethnic languages.","Es sollte als universelle Zweitsprache dienen, nicht um ethnische Sprachen zu ersetzen.","它作为工作语言中到处使用的一种语言,而不是取代民族语言。",It is a language widely used in working languages and not a substitute for national languages.,"It should serve as a universal second language, not to replace ethnic languages."
He most recently worked with Slipknot on their new fourth studio album titled All Hope Is Gone.,Vor kurzem arbeitete er mit Slipknot an ihrem neuen vierten Studioalbum All Hope Is Gone.,他最近和Slippknot在他们的第四张专辑上合作,He recently worked with Slippknot on their fourth album.,Recently he worked with Slipknot on their new fourth studio album All Hope Is Gone.
"Mostly found in Andhra Pradesh also in Orissa, Tamil Nadu and Karnataka.","Es ist vor allem in Andhra Pradesh gefunden. Es ist auch in Orissa, Tamil Nadu und Karnataka.","它主要在安得拉邦,也在奥里萨邦、泰米尔纳德邦和卡纳塔克邦。","It is mainly located in Andhra Pradesh and also in Orissa, Tamil Nadu and Karnataka.","It is mainly found in Andhra Pradesh. It is also found in Orissa, Tamil Nadu and Karnataka."
Many other authors of this period described eastern Mediterranean cooking in Greek and in Latin.,Viele Autoren dieser Zeit schrieben über die mediterrane Küche in Griechisch und Latein.,这一时期许多其他作者用希腊文和拉丁文描述了东地中海的烹饪。,Many other authors during this period described the cooking of the eastern Mediterranean in Greek and Latin.,Many authors of this period wrote about Mediterranean cuisine in Greek and Latin.
The town was built on the mouth of a small tributary; the High Street once met the water at the top of the river.,Die Stadt wurde an der Mündung eines kleinen Nebenflusses gebaut. Die High Street traf einst auf die Spitze des Flusses.,该镇是在水路开始时建造的;高街曾经在河顶遇到过水。,The town was built at the beginning of the waterway; the high street once encountered water on the top of the river.,The town was built at the mouth of a small tributary. High Street once hit the top of the river.
"History U. S. President Woodrow Wilson first proclaimed an Armistice Day for November 12, 1919.",US-Präsident Woodrow Wilson proklamierte einen Waffenstillstandstag für den 12. November 1919.,第一个停战日是2019年11月12日 首次由美国总统伍德罗·威尔逊宣布,"The first day of truce was on November 12th, 2019, first proclaimed by the President of the United States, Woodrow Wilson.","US President Woodrow Wilson proclaimed a ceasefire day for November 12, 1919."
Seventh Son (1987) is an alternate history / fantasy novel by Orson Scott Card.,Seventh Son ist ein Roman von Orsen Card.,Orson Scott Card在1987年写了小说 幻想书《七子》,Orson Scott Card wrote novels in 1987.,Seventh Son is a novel by Orsen Card.
"Hillary Diane Rodham Clinton (, born October 26, 1947) is the 67th United States Secretary of State, serving within the administration of President Barack Obama.",Oktober 1947 in New York City) ist eine US-amerikanische Außenministerin. Hillary Diane Rodham Clinton ist Mitglied der Regierung von Präsident Barack Obama.,"希拉里·克林顿是第67任国务卿,她曾在奥巴马总统的政府中任职。","Hillary Clinton, the 67th Secretary of State, served in the Government of President Obama.",Hillary Diane Rodham Clinton is a member of President Barack Obama's government.
"However, the document is Cherubino's appointment to the army.",Das Dokument ist Cherubinos Ernennung zur Armee.,"然而,这份报纸是Cherubino在军队的任命。","However, the newspaper was appointed by Cherubino in the army.",The document is Cherubino's appointment as army.
"With an area of 11,980 km ² and 1.3 million inhabitants, Upper Austria is the fourth-largest Austrian state by land area and third-largest by population.",Oberösterreich ist der viertgrößte österreichische Staat nach Landfläche und der drittgrößte nach Bevölkerung.,"上奥地利州按土地面积划分是奥地利第四大州,按人口划分是第三大奥地利州",Upper Austria is the fourth largest by land area and the third largest by population.,Upper Austria is the fourth largest Austrian state by land area and the third largest by population.
"These books follow the fortunes of Tamara and William Swift, who first appeared in the BBC computer animated web movie Ghosts of Albion: Legacy.",Diese Bücher folgen Tamara und William Swift. Die Charaktere erschienen erstmals im BBC Computer animierten Webfilm Ghosts of Albion: Legacy.,"书中记载了塔马拉、威廉斯威夫特、塔马拉和威廉斯威夫特的财富,","The book documents the wealth of Tamara, William Swift, Tamara and William Swift.",These books follow Tamara and William Swift. The characters appeared for the first time in the BBC computer animated web film Ghosts of Albion: Legacy.
How much less depends on the type of RAID.,Der Betrag hängt von der Art des RAIDs ab.,减少的金额取决于《难民援助国际联盟》的类型。,The reduction depends on the type of International Coalition for Refugee Assistance.,The amount depends on the type of RAID.
They currently play in the Eastern Division of the National Conference.,Sie spielen in der Eastern Division der National Conference.,目前他们在全国会议东部分部活动。,They are currently operating in the Eastern Division of the National Conference.,They play in the Eastern Division of the National Conference.
"The name is thought to be derived from Greta River in Cumberland, England.","Der Name stammt vermutlich vom Greta River in Cumberland, England.",名字可能来自英国坎伯兰的格雷塔河,"The name may come from the Greta River in Cumberland, England.","The name probably comes from the Greta River in Cumberland, England."
His decision to cut the bridges on the Han River prevented thousands of citizens from escaping Communist rule.,"Seine Entscheidung, Brücken über den Han-Fluss zu sprengen, verhinderte, dass Tausende von Bürgern der kommunistischen Herrschaft entfliehen konnten.",因为他切断了汉河的桥梁 成千上万的人逃不过共产主义统治,"Because he cut the bridge on the Han River, and thousands of people couldn't escape communist rule.",His decision to break bridges over the Han River prevented thousands of citizens from fleeing communist rule.
"Economy and infrastructure The community is home to more than 600 businesses with well over 2,000 jobs.",Die Gemeinde beherbergt mehr als 600 Unternehmen. Sie hat auch weit über 2.000 Arbeitsplätze.,"该镇有600家企业,有2 000多个工作岗位。","The town has 600 enterprises and more than 2,000 jobs.","The municipality houses more than 600 companies. It also has well over 2,000 jobs."
"Elin arrives at Agnes's house, mainly as an excuse to avoid going to a different party, where there will be a boy (Johan) (Mathias Rust) she wants to avoid.","Elin kommt zu Agnes' Haus, um eine Party zu vermeiden, wo Johan ist.",伊琳来到艾格尼丝家 她用它作为借口 她想避开一个男孩,"Elin came to Agnes' house, and she used it as an excuse, and she tried to avoid a boy.",Elin comes to Agnes' house to avoid a party where Johan is.
"Serpent is a symmetric key block cipher which was a finalist in the Advanced Encryption Standard (AES) contest, where it came second to Rijndael.",Serpent ist eine symmetrische Schlüsselblock-Chiffre. Es war ein Finalist im Advanced Encryption Standard (AES) Wettbewerb. Es kam an zweiter Stelle zu Rijndael.,"蛇纹是一个对称键块密钥密码, 在高级加密标准(AES)竞赛中是决赛的决赛者。 它排在Rijndael的第二位。","The snake tattoo is a symmetrical key password, a finalist in the advanced encryption standard (AES) competition, which ranks second in Rijndael.",Serpent is a symmetrical keyblock chiffre. It was a finalist in the Advanced Encryption Standard (AES) competition. It came second to Rijndael.
"After 1627, King Louis XIII of France introduced the seigneurial system and forbade settlement in New France by anyone other than Roman Catholics.","König Ludwig XIII. von Frankreich führte das Seigneurialsystem nach 1627 ein. Dann weigerte er sich, jedem außer den Katholiken zu erlauben, sich in Neufrankreich niederzulassen.","1627年之后,法国国王路易十三世开始使用宗教系统,禁止除罗马天主教徒以外的任何人在新法国定居。","After 1627, King Louis XIII of France began to use the religious system to prohibit any person other than Roman Catholics from settling in the new France.",King Louis XIII of France introduced the seigneurial system after 1627. Then he refused to allow anyone but the Catholics to settle in New France.
"Assuming good faith does not prohibit discussion and criticism, but instead editors should not attribute the actions being criticized to malice unless there is specific evidence of malice.","Angenommen, guter Glaube bedeutet, dass Redakteure nicht Kritik auf schlechte Absichten zuschreiben sollten, es sei denn, es gibt spezifische Beweise für schlechte Absichten.","如果我们相信诚信不会阻止讨论和批评, 那么编辑不应该说,如果没有恶意的证据, 行动就是恶意的。","If we believe that good faith does not prevent discussion and criticism, then the editor should not say that without malicious evidence, action is malicious.",Suppose good faith means that editors should not attribute criticism to bad intentions unless there is specific evidence of bad intentions.
"The album debuted at number 64 in the US, and number nine in Sweden, higher than any previous Opeth release.","Es war höher als jedes andere Opeth-Album, es debütierte mit 64 in den USA und 9 in Schweden.","这张专辑在美国第64号首发,在瑞典是第9号,高于以前任何一次的Opeth发行量。","This album was first issued in the United States, No. 64, and in Sweden, No. 9, higher than any previous issue of Opeth.","It was higher than any other Opeth album, it debuted at 64 in the USA and 9 in Sweden."
"In Shinto, Takama-ga-hara is the dwelling place of the Kami.",akama-ga-hara ist der lebende Ort der Kami in Shinto.,"在信藤,高间同原是卡米住的地方","In Shinto, Takahara lives with Cammy.",Akama-ga-hara is the living place of the Kami in Shinto.
PackageKit is an open source and free suite of software applications designed to provide a consistent and high-level front end for a number of different package management systems.,"PackageKit ist eine Open-Source- und kostenlose Suite von Software-Anwendungen, die entwickelt wurde, um ein klares, hochwertiges Frontend für eine Reihe von verschiedenen Paketverwaltungssystemen zu erhalten.","软件包Kit是一套软件应用程序,旨在为几个不同的软件包管理系统提供良好的用户经验。",The package Kit is a software application designed to provide good user experience for several different package management systems.,"PackageKit is an open source and free suite of software applications that has been designed to get a clear, high-quality front end for a range of different package management systems."
"It appears to have lived in wetlands, using two fork-like incisors to shovel up reeds and sedges for food.","Es scheint in Feuchtgebieten gelebt zu haben. Es benutzte zwei Schneidezähne, um Schilf und Sedges nach Nahrung auszugraben.","它似乎生活在湿地,并用牙齿挖掘食物。",It seems to live in wetlands and dig food with teeth.,It seems to have lived in wetlands. It used two incisors to dig out reeds and sedges for food.
"The battle began a seven-year war which established the Rhine as the boundary of the Roman Empire for the next four hundred years, until the decline of the Roman influence in the West.","Die Schlacht begann einen sieben Jahre dauernden Krieg, der den Rhein für vierhundert Jahre zur Grenze des Römischen Reiches machte, bis sich ihr Einfluss im Westen verringerte.","这场战争开始了七年的战争, 莱茵河成为罗马帝国未来四百年的边界, 直到罗马对西方的影响减弱。","This war began for seven years, when the Rhine became the border of the Roman Empire for the next 400 years, until the influence of Rome on the West diminished.","The battle began a seven-year war that made the Rhine the border of the Roman Empire for four hundred years, until its influence in the West diminished."
This reflects the fact that the Parliament's President is not part of the executive branch but still ranks higher in (symbolic) importance than the Chancellor.,"Dies zeigt die Tatsache, dass der Präsident des Parlaments nicht Teil der Exekutive ist. Noch immer rangiert der Präsident in (symbolischer) Bedeutung als der Kanzler.","这反映出议会议长不是行政部门的一部分,但比总理更重要。","This reflects the fact that the Speaker of Parliament is not part of the executive branch, but more important than the Prime Minister.",This is shown by the fact that the President of Parliament is not part of the executive. The President is still in (symbolic) importance than the Chancellor.
"The exact nature of the transforming principle (DNA) was verified in the experiments done by Avery, McLeod and McCarty and by Hershey and Chase.","Die Natur des Transformationsprinzips (DNA) wurde in Experimenten von Avery, McLeod und McCarty sowie von Hershey und Chase bestätigt.",Avery、McLeod和McCarty以及Hershey和Chase核实了转变原则的确切细节。,"The exact details of the principle of conversion were verified by Avery, McLeod and McCarty, as well as Hershey and Chase.","The nature of the transformation principle (DNA) was confirmed in experiments by Avery, McLeod, McCarty, Hershey and Chase."
"Recuperating for months in a wheelchair, she continued singing to help pay her medical bills.","Nach Monaten im Rollstuhl sang sie weiter, um ihre medizinischen Rechnungen zu bezahlen.","在轮椅上康复时,她不停地唱歌,以支付医疗费。","When she recovered from her wheelchair, she kept singing in order to pay for her medical expenses.","After months in a wheelchair, she continued singing to pay her medical bills."
"He legally changed his name to Robert Dylan, and signed a management contract with Albert Grossman.",Er änderte seinen Namen in Robert Dylan und unterschrieb einen Managementvertrag mit Albert Grossman.,"他依法改名为罗伯特·迪伦,并与阿尔伯特·格罗斯曼签署了管理协议。",He was legally renamed Robert Dylan and signed a management agreement with Albert Grossman.,He changed his name to Robert Dylan and signed a management contract with Albert Grossman.
Members of the DeCavalcante family believed themselves to be the inspiration for the DiMeo family.,Das DiMeo-Familienbild basierte auf den Mitgliedern der Familie DeCavalcante.,"德卡瓦尔坎特家族的成员认为,他们是迪米奥家族的灵感来源。",Members of the Dekavarcant family believe that they are a source of inspiration for the Dimio family.,The DiMeo family image was based on the members of the DeCavalcante family.
Sivry-Rance is a Walloon municipality located in the Belgian province of Hainaut.,Sivry-Rance ist eine Gemeinde in der belgischen Provinz Hennegau.,Sivry-Rance是比利时海诺特省瓦隆市。,"Sivry-Rance is the city of Walloon, Province of Heinot, Belgium.",Sivry-Rance is a municipality in the Belgian province of Hainaut.
Oliver Cromwell attacked Drogheda in 1649 slaughtering the Royalist garrison (Siege of Drogheda).,Oliver Cromwell griff Drogheda 1649 an und tötete die royalistische Garnison. Dies ist bekannt als die Belagerung von Drogheda.,奥利弗·克伦威尔攻击了德罗格达 并杀害了皇家战士,Oliver Cromwell attacked Drogda and killed the royal warrior.,Oliver Cromwell attacked Drogheda in 1649 and killed the Royalist garrison. This is known as the siege of Drogheda.
"Because it was a weak storm and never made landfall, Cristobal's effects were mostly limited to moderate rainfall.","Cristobal war ein schwacher Sturm, der nie aufs Land traf. Der einzige Effekt, den es hatte, war Regen.",克里斯托巴是一场从未打过陆地的微弱风暴 唯一的效果就是下雨,"Christoba is a faint storm that has never hit the land, and the only effect is rain.",Cristobal was a weak storm that never hit the land. The only effect it had was rain.
Villeneuve-Loubet is a commune in the Alpes-Maritimes department in the Provence-Alpes-Côte d'Azur region in southeastern France.,Villeneuve-Loubet ist eine französische Gemeinde mit Einwohnern (Stand ) im Département Alpes-Maritimes in der Region Provence-Alpes-Côte d'Azur.,Villeneve-Loubet是法国东南部Alpes-Maritimes的一个村庄。,"Villeneve-Loubet is a village in Alpes-Maritimes, south-east of France.",Villeneuve-Loubet is a commune in the Alpes-Maritimes department in the Provence-Alpes-Côte d'Azur region in southeastern France.
The most dominant males can collect as many as 15 - 20 females to mate with.,"Die Männchen, die dominant sind, können 15-20 Weibchen sammeln, mit denen man sich paaren kann.",最占优势的男性可以有多达15-20名女性伴侣。,The most dominant males can have up to 15-20 female partners.,"The males, which are dominant, can collect 15-20 females, with which one can mate."
"Their unusual size is attributed to island gigantism, since there are no other carnivorous animals to fill the niche on the islands where they live, and also to the Komodo dragon's low metabolic rate.","Ihre ungewöhnliche Größe ist wegen des Inselgigantismus und der niedrigen Stoffwechselrate des Komodo Drachen. Es gibt keine anderen Tiere, die Fleisch auf den Inseln essen, wo sie leben.","它们的异常大小可能是由于岛屿的显形主义造成的,因为在它们居住的岛屿上没有其他食肉动物,也可能是由于科莫多龙的低代谢率造成的。","Their abnormal size may be due to the osmosis of the islands, since there are no other predators on the islands in which they live, or to the low metabolic rate of Komodoron.",Their unusual size is due to the island gigantism and low metabolic rate of the Komodo dragon. There are no other animals that eat meat on the islands where they live.
"Located in the Constitution Gardens, the reflecting pool is approximately 2,029 feet (618 m) long and 167 feet (51 m) wide.",Der reflektierende Pool befindet sich in den Constitution Gardens. Er ist etwa 618 Meter lang und 51 Meter breit.,"反映游泳池位于宪法花园,长约2 029英尺(618米),宽约167英尺(51米)。","Reflecting that the pool is located in the Constitutional Garden, it is approximately 2,029 feet (618 metres) and has a width of approximately 167 feet (51 metres).",The reflective pool is located in the Constitution Gardens. It is about 618 meters long and 51 meters wide.
"When he did tapasya and sadhana at Bavania in Gujarat, he was known as Tallaiya Baba.","Als er Tapasya und Sadhana in Bavania in Gujarat machte, wurde er Tallaiya Baba genannt.","当他在古吉拉特邦的巴凡尼亚做塔马西亚和萨德哈纳时,他被称为塔莱亚巴巴。","When he was doing Tamacia and Sadhana in Bavanya, Gujarat, he was known as Talya Baba.","When he made tapasya and sadhana in Bavania in Gujarat, he was called Tallaiya Baba."
"She first rose to prominence as an academic, barrister, campaigner and member of the Irish senate (1969 – 1989).","Sie wurde bekannt als Akademikerin, Barristerin, Aktivistin und irisches Senatsmitglied (1969 – 1989).",她从1969年至1988年首次成为知名的学者、大律师、爱尔兰参议院议员9 和竞选者。,"She was a leading scholar, barrister, member of the Irish Senate and candidate for the first time from 1969 to 1988.","She became known as an academic, barrister, activist and Irish senate member (1969 – 1989)."
"Boxing, amateur wrestling, puroresu, mixed martial arts and fencing are examples of combat sports.","Boxen, Amateur-Wrestling, Puroresu, Mixed Martial Arts und Fechten sind Kampfsportarten.","战斗体育的例子包括拳击、武术和摔跤,栅栏和波罗雷苏也被视为战斗体育。","Examples of combat sports include boxing, martial arts and wrestling, and fences and Borisus are also considered combat sports.","Boxing, amateur wrestling, puroresu, mixed martial arts and fencing are martial arts."
"The proportion of C-types may actually be greater than this, because C-types are much darker than most other asteroid types except D-types and others common only at the extreme outer edge of the Main Belt.","Der Anteil von C-Typen kann größer sein als dieser. Dies liegt daran, dass C-Typen dunkler sind als die meisten anderen Asteroidentypen. D-Typen und die am äußersten äußeren Rand des Main Belt sind die einzigen dunkler als C-Typen.","C型体的大小实际上可能更大,因为C型体比除D型体以外的其他小行星型体更暗。","The size of type C may actually be larger, as type C is darker than asteroids other than type D.",The proportion of C-types can be larger than this. This is because C-types are darker than most other asteroid types. D-types and the extreme outer edge of the Main Belt are the only darker than C-types.
Levon V Lusignan of Armenia is imprisoned for several years in Cairo until a ransom is paid by King John I of Castile.,"Levon V. Lusignan von Armenien befand sich mehrere Jahre in Kairo im Gefängnis, bis König Johannes I. von Kastilien eine Zahlung für seine Befreiung geleistet hatte.","Levon V Lusignan被关押在开罗,直到卡斯蒂利亚国王支付赎金为止。",Levon V Lusignan was detained in Cairo until the King of Castilla paid the ransom.,Levon V. Lusignan of Armenia was imprisoned in Cairo for several years until King John I of Castile made a payment for his release.
"However, by the close of the 19th century, the 9th edition was outdated and the Britannica faced significant financial difficulties.",Bis zum Ende des 19. Jahrhunderts war die 9. Auflage alt und Britannica mit finanziellen Ausgaben konfrontiert.,"到了19世纪末,英国第9版已经过时了,他们面临着巨大的资金问题。","By the end of the nineteenth century, the ninth edition of the United Kingdom had become obsolete and faced enormous financial problems.","Until the end of the 19th century, the 9th edition was old and Britannica faced with financial expenses."
"Music Musical numbers Follows is a listing of the thirty-three compositions written by members of The Beatles that are heard on the soundtrack, in the order featured in the film.","Follows ist eine Auflistung der dreiunddreißig Songs, die von Mitgliedern der Beatles geschrieben wurden.","之后是《披头士》成员写的33首歌的列表, 他们都在电影音轨上。","And then there's a list of 33 songs written by Beatles members, and they're all on the track.",Follows is a list of thirty-three songs written by members of the Beatles.
"On 8 November 1917, Lenin was elected the Chairman of the Council of People's Commissars by the Russian Congress of Soviets.",Am 8. November 1917 wurde Lenin zum Vorsitzenden des Rates der Volkskommissare gewählt. Er wurde vom russischen Sowjetkongreß gewählt.,"1917年11月8日,俄罗斯国会选举列宁为理事会主席。","On 8 November 1917, the Russian Parliament elected Lenin as President of the Council.","On 8 November 1917, Lenin was elected Chairman of the Council of People's Commissars, elected by the Russian Congress of Soviets."
"Brantridge Park, Balcombe, West Sussex, England is one of the lesser royal residences.",Brantridge Park ist eines der weniger wichtigen königlichen Häuser.,西苏塞克斯英格兰Brantridge公园是较次要的王室住所。,"Brandridge Park, West Sussex England, is a minor royal home.",Brantridge Park is one of the less important royal houses.
"Following his success with Star Trek, he supplemented his income and showed continued support for his fans by making numerous public appearances.","Nach seinem Erfolg auf Star Trek, machte er viele öffentliche Auftritte, die Fan-Unterstützung zeigten und wuchs sein Einkommen.","在《星际迷航》之后,他赚钱,并通过公开露面支持他的粉丝。","After Star Trek, he made money and supported his fans through public appearances.","After his success on Star Trek, he made many public appearances that showed fan support and grew his income."
"Since it formed at 36 ° N, this system is the northernmost formation in the eastern north Pacific basin.",Dieses System ist die nördlichste Formation im östlichen Nordpazifik.,"它形成于北纬36度。 所以,这个系统是东北太平洋盆地最北部的形成。","It is formed at 36 degrees north latitude, so the system is formed in the north-east Pacific basin.",This system is the northernmost formation in the eastern north Pacific.
"While it is a self-contained story, the book continues and develops many of the themes touched on in the first book.","Während es sich um eine unabhängige Geschichte handelt, entwickelt das Buch viele der Themen aus dem ersten Buch.",这本独立书不断发展第一本书的许多主题。,This independent book continues to develop many of the themes of the first book.,"While it is an independent story, the book develops many of the topics from the first book."
"Almost all weapons, vehicles, and interactive objects can be placed and moved on maps with Forge.","Die meisten der Waffen, Fahrzeuge und gemeinsamen Objekte können mit Schmiede platziert und auf Karten verschoben werden.",武器、车辆和可移动物品可以放置和移动在与Forge一起绘制的地图上。,"Weapons, vehicles and movable items can be placed and moved on maps drawn with Forge.","Most of the weapons, vehicles and common objects can be placed with blacksmiths and moved to cards."
"Biography Howard was born in Stockport, Cheshire, in England on December 7, 1977.","Howard wurde am 7. Dezember 1977 in Stockport, England, geboren.",霍华德生于1977年12月7日 英格兰切希尔的斯托克波特,"Howard was born on December 7, 1977 in Stockport, Cheshire, England.","Howard was born on December 7, 1977 in Stockport, England."
"Then, on December 21, 1994 the volcano spewed gas and ash which was carried as far as 25 km (16 mi) away by prevailing winds.","Am 21. Dezember 1994 gab der Vulkan Gas und Asche frei, die 25 km von starken Winden weggeblasen wurden.","1994年12月21日火山喷出气体和灰尘,",Volcanic gas and dust ejected on 21 December 1994.,"On December 21, 1994, the volcano released gas and ashes blown away 25 km from strong winds."
The term is applied both to routine weather variations and to extraordinary spells of heat which may occur only once a century.,"Die Phrase ist für normale Wetterveränderungen und extreme Hitzeperioden, die alle 100 Jahre passieren können.","该术语既适用于天气的正常变化,也适用于每个世纪只能发生一次的极端热咒。",The term applies both to normal changes in weather and to extreme heat spells that occur only once a century.,The phrase is for normal weather changes and extreme heat periods that can happen every 100 years.
U. S. involvement in the war comes to an end.,Die US-Beteiligung am Krieg endet.,美国在战争中的行动结束。,The action of the United States in the war ended.,The US involvement in the war ends.
"He traveled over 200,000 miles, an incredible achievement for pre-aviation times.","Er reiste mehr als 200.000 Meilen, eine unglaubliche Leistung in der präaeronautischen Ära.","他行驶了超过20万英里,这是人类飞行前的伟大成就。","He travelled more than 200,000 miles, a great achievement before human flight.","He traveled more than 200,000 miles, an incredible achievement in the pre-Aeronautical era."
"The technique is credited to Albert Humphrey, who led a convention at Stanford University in the 1960s and 1970s using data from Fortune 500 companies.","Die Technik wird Albert Humphrey zugeschrieben, der eine Konferenz an der Stanford University mit Daten von Fortune 500 com leitete.","Albert Humphrey发明了这个技术。他利用《财富》500家公司的数据,于1960年代和1970年代在斯坦福大学领导了一个大会。",Albert Humphrey invented this technology. He led a congress at Stanford University in the 1960s and 1970s using Fortune 500 company data.,"The technique is attributed to Albert Humphrey, who led a conference at Stanford University with data from Fortune 500 com."
"An organism that obtains carbon from organic compounds but obtains energy from light is called a photoheterotroph, while an organism that obtains carbon from organic compounds but obtains energy from the oxidation of inorganic compounds is termed a chemoheterotroph.","Ein Organismus, der Kohlenstoff aus organischen Verbindungen erhält, aber Energie aus Licht, heißt Photoheterotroph. Ein Organismus, der Kohlenstoff aus organischen Verbindungen erhält, aber Energie aus Oxidation anorganischer Verbindungen ist Chemoheterotroph.","从有机化合物中获取碳但从光中获得能源的有机体称为光电富集体,而从有机化合物中获取碳但从无机化合物氧化中获取能源的有机体则称为化学老化体。","Organisms that extract carbon from organic compounds but source energy from light are referred to as photovoltaic collectives, while organisms that extract carbon from organic compounds but source energy from inorganic compound oxidation are referred to as chemical aging bodies.","An organism that receives carbon from organic compounds, but energy from light, is called photoheterotroph. An organism that receives carbon from organic compounds, but energy from oxidation of inorganic compounds is chemoheterotroph."
"Altogether, the constellation contains about 50 galaxies observable through amateur telescope.",Das Sternbild hat etwa 50 sichtbare Galaxien.,星座中大约有50个星系 可以通过业余望远镜观测到,There are about 50 galaxies in the constellation that can be observed through amateur telescopes.,The constellation has about 50 visible galaxies.
"It was first released in Japan for the Nintendo 64 on April 14, 2001.","Es kam zum ersten Mal in Japan für die Nintendo 64. Es war April 14, 2001.",于2001年4月14日首次在日本的 任天堂64号发布。,Published for the first time at Nintendo 64 in Japan on 14 April 2001.,"It came for the first time in Japan for the Nintendo 64. It was April 14, 2001."
"The Republican Party is one of the two major contemporary political parties in the United States, along with the Democratic Party.","Die Republikanische Partei ist eine der beiden wichtigsten politischen Parteien in den Vereinigten Staaten, zusammen mit der Demokratischen Partei.","共和党是美国目前两个主要政党之一,民主党是另一个政党。","The Republican Party is currently one of the two main political parties in the United States, and the Democratic Party is the other.","The Republican Party is one of the two main political parties in the United States, along with the Democratic Party."
"In the past 20 years or so, many new anchor designs have appeared.",In den letzten 20 Jahren sind neue Ankerdesigns aufgetaucht.,"在过去20年中,出现了许多新的主要居住设计。","Over the past 20 years, many new major residential designs have emerged.",New anchor designs have emerged in the last 20 years.
The Armenian legion was established under the goals of the Armenian national liberation movement and was an armed unit besides the Armenian volunteer units and Armenian militia during World War I which fought against the Ottoman Empire.,"Die Armenische Legion wurde unter den Zielen der Armenischen Nationalen Befreiungsbewegung gegründet und war eine bewaffnete Einheit neben den Armenischen Rechtseinheiten und der Armenischen Miliz während des Ersten Weltkriegs, die gegen das Osmanische Reich kämpfte.","亚美尼亚军团是根据亚美尼亚民族解放运动的目标建立的,该军团是一个武装单位,与亚美尼亚志愿部队和亚美尼亚民兵一起在第一次世界大战期间作战。 他们与奥斯曼帝国作战。","The Armenian legion, which was established in accordance with the objectives of the Armenian National Liberation Movement, is an armed unit that fought during the First World War with the Armenian voluntary forces and Armenian militias, who fought against the Ottoman Empire.","The Armenian Legion was founded under the objectives of the Armenian National Liberation Movement and was an armed unit alongside the Armenian Legal Units and the Armenian Militia during World War I, which fought against the Ottoman Empire."
It is said to be electrogenic; a fish that has the ability to detect electric fields is said to be electroreceptive.,"Ein Fisch, der elektrische Felder erkennen kann, soll elektrorezeptiv sein.",一种能感知电场的鱼据说是电子受体,A fish that senses the electric field is said to be an electron receptor.,A fish that can detect electric fields should be electroreceptive.
He reigned from 1804 to 1824.,Er regierte 1804 - 1824.,他从1804年至1824年执政。,He was in power from 1804 to 1824.,He ruled 1804 - 1824.
A supermassive black hole is a black hole with a mass of the order of between 105 and 1010 solar masses.,Ein supermassives schwarzes Loch hat eine Masse zwischen 105 und 1010 Sonnenmassen.,一个黑洞 其质量赌注105和1010太阳质量 被称为超大质量黑洞,A black hole with a mass stake of 105 and 1010 sun mass called a supermassive black hole.,A supermassive black hole has a mass between 105 and 1010 solar masses.
It was also on the London Sunday Times best-seller list for more than four years.,Es war auch auf der London Sunday Times Bestseller-Liste für über vier Jahre.,它在《伦敦星期日时报》最佳销售商名单上已存在四年多。,It has been on the list of best sellers of the London Sunday Times for more than four years.,It was also on the London Sunday Times bestseller list for over four years.
"Legacy of Kings In February 1998, the recording of Legacy of Kings began.",Die Aufnahme des Erbes der Könige begann im Februar 1998.,1998年开始记录国王遗产。,The recording of the King's legacy began in 1998.,The accession of the heirs of the kings began in February 1998.
For example she frequently sings traditional songs with a piano accompaniment.,Sie singt häufig traditionelle Lieder mit einem Klavier.,"例如,她经常用钢琴唱传统歌曲。","For example, she often sings traditional songs in pianos.",She often sings traditional songs with a piano.
"Elizabeth Ann Smart (born November 3, 1987) is an American woman who was abducted from her Salt Lake City, Utah bedroom on June 5, 2002 at the age of 14.","Elizabeth Ann Smart ist eine Amerikanerin, die am 5. Juni 2002 aus ihrem Schlafzimmer in Salt Lake City, Utah entführt wurde. Zum Zeitpunkt ihrer Entführung war sie 14 Jahre alt.","Elizabeth Ann Smart(1987年11月3日出生)于2002年6月5日在犹他州的盐湖城卧室被绑架,当时她14岁。","Elizabeth Ann Smart, born on 3 November 1987, was abducted on 5 June 2002 in the bedroom of Salt Lake City, Utah, when she was 14 years old.","Elizabeth Ann Smart is an American who was abducted from her bedroom in Salt Lake City, Utah on June 5, 2002. At the time of her abduction, she was 14 years old."
"Further, the term ""The Celsius or Centigrade thermometer"" was again used in reference to a particular type of thermometer at least as early as 1850.","""Das Celsius- oder Centigradthermometer"" wurde bereits 1850 in einem bestimmten Thermometertyp eingesetzt.","早在1850年,在提及某类温度计时,就使用了“摄氏度或摄氏度温度计”一词。","As early as 1850, the term “centigrade or degree Celsius” was used when referring to a particular type of thermometer.","""The Celsius or Centigrade thermometer"" was already used in a certain thermometer type in 1850."